-- phpMyAdmin SQL Dump
-- version 4.1.14
-- http://www.phpmyadmin.net
--
-- Host: 127.0.0.1
-- Generation Time: 2021-04-09 04:45:01
-- 服务器版本： 5.6.17
-- PHP Version: 5.5.12

SET SQL_MODE = "NO_AUTO_VALUE_ON_ZERO";
SET time_zone = "+00:00";


/*!40101 SET @OLD_CHARACTER_SET_CLIENT=@@CHARACTER_SET_CLIENT */;
/*!40101 SET @OLD_CHARACTER_SET_RESULTS=@@CHARACTER_SET_RESULTS */;
/*!40101 SET @OLD_COLLATION_CONNECTION=@@COLLATION_CONNECTION */;
/*!40101 SET NAMES utf8 */;

--
-- Database: `part_time_job`
--

-- --------------------------------------------------------

--
-- 表的结构 `deliver`
--

CREATE TABLE IF NOT EXISTS `deliver` (
  `del_id` int(11) NOT NULL AUTO_INCREMENT COMMENT '投递id',
  `uid` int(11) NOT NULL,
  `job_id` int(11) NOT NULL COMMENT '职位id',
  `c_date` datetime NOT NULL COMMENT '时间',
  PRIMARY KEY (`del_id`)
) ENGINE=InnoDB  DEFAULT CHARSET=utf8 AUTO_INCREMENT=10 ;

--
-- 转存表中的数据 `deliver`
--

INSERT INTO `deliver` (`del_id`, `uid`, `job_id`, `c_date`) VALUES
(1, 1, 10, '2021-03-22 00:00:00'),
(3, 5, 1, '2021-03-23 10:04:34'),
(4, 1, 8, '2021-03-24 15:41:52'),
(5, 6, 12, '2021-03-26 16:44:02'),
(6, 2, 7, '2021-04-03 11:17:34'),
(7, 2, 20, '2021-04-03 12:02:42'),
(8, 3, 15, '2021-04-03 12:02:49'),
(9, 0, 24, '2021-04-08 13:40:25');

-- --------------------------------------------------------

--
-- 表的结构 `job`
--

CREATE TABLE IF NOT EXISTS `job` (
  `job_id` int(11) NOT NULL AUTO_INCREMENT,
  `type` varchar(30) NOT NULL COMMENT '信息类型',
  `enter_id` int(11) NOT NULL COMMENT '发布者id',
  `title` varchar(50) NOT NULL COMMENT '信息标题',
  `content` varchar(500) NOT NULL COMMENT '信息内容',
  `salary` varchar(30) NOT NULL COMMENT '薪资',
  `company` varchar(100) NOT NULL COMMENT '公司',
  `site` varchar(100) NOT NULL COMMENT '公司地址',
  `contacts` varchar(20) NOT NULL COMMENT '联系人',
  `tel` varchar(30) NOT NULL COMMENT '联系电话',
  `edate` date NOT NULL COMMENT '发布时间',
  PRIMARY KEY (`job_id`)
) ENGINE=MyISAM  DEFAULT CHARSET=utf8 AUTO_INCREMENT=37 ;

--
-- 转存表中的数据 `job`
--

INSERT INTO `job` (`job_id`, `type`, `enter_id`, `title`, `content`, `salary`, `company`, `site`, `contacts`, `tel`, `edate`) VALUES
(36, '翻译', 20200006, '泰语线上兼职', '【工作内容】在家办公，自备电脑网络，负责判断医学内容的准确性、选定审核类别、录入判定原因等。\r\n【工作要求】医学相关专业；临床医学专业；本科学历及以上。', '150元/天', '广东思文科技有限公司', '广州市海珠区', 'seven', '15622768400', '2021-04-08'),
(22, '送餐员', 20200001, '校内饭堂兼职', '【工作内容】准时将校内的外卖配送到订餐人手中，每天工作时间不能少于3小时。\r\n【工作要求】校内贫困生优先。男女不限。', '18元/小时', '广州广信企业管理有限公司', '广东省广州市增城区', '李明', '13698754269', '2021-04-03'),
(23, '信息标注', 20200003, '线上普通话录音 ', '【工作内容】听一段录音，转写为文本。\r\n【工作要求】每天可以工作三到四小时，工作认真，能够按时完成项目。根据音频时长计算薪资。', '20元/条起', '广州市思众科技有限公司', '广东省广州市白云区', '张欢', '13698754262', '2021-03-12'),
(24, '信息标注', 20200003, '医学内容审核', '【工作内容】在家办公，自备电脑网络，负责判断医学内容的准确性、选定审核类别、录入判定原因等。\n【工作要求】医学相关专业；临床医学专业；本科学历及以上。', '200元/天', '广州市思众科技有限公司', '广东省广州市白云区', '张欢', '13698754262', '2021-03-21'),
(18, '设计', 20200008, '招PS手绘插画兼职', '【工作内容】帮助公司插画师进行插画的制作。\r\n【工作要求】相关艺术专业在校生或毕业生优先，熟练掌握PS操作，或者有优秀的手绘基础。', '200元/天', '广东星创科技有限公司', '广东省深圳市南山区', '李梦琪', '13698754268', '2021-03-31'),
(19, '设计', 20200008, 'AI和PS制图兼职', '【工作内容】帮助公司插画师进行插画的制作。\r\n【工作要求】相关艺术专业在校生或毕业生优先，熟练掌握PS操作，或者有优秀的手绘基础。', '180元/天', '广东星创科技有限公司', '广东省深圳市南山区', '李梦琪', '13698754268', '2021-03-31'),
(20, '设计', 20200008, '平面设计电商主页详情页海报设计兼职', '【工作内容】主要负责电商主页、详情页、海报等设计，公司从事行业为服饰行业。\r\n【工作要求】按照公司要求进行设计，配合各部门工作，能有一定的团队沟通能力。有经验者优先。', '150元/天', '广东星创科技有限公司', '广东省广州市天河区', '李梦琪', '13698754268', '2021-03-20'),
(21, '送餐员', 20200001, '校内外卖配送', '【工作内容】准时将校内的外卖配送到订餐人手中，每天工作时间不能少于3小时。\r\n【工作要求】校内贫困生优先。男女不限，需要熟悉校内的线路，会绮自行车、电动车优先。', '20元/小时', '广州广信企业管理有限公司', '广东省广州市增城区', '李明', '13698754269', '2021-04-02'),
(15, '家教', 20200004, '高中兼职辅导老师', '【工作内容】周一至周五固定的时间兼职。招聘科目是高中语文、数学、英语、文理科。\r\n【工作要求】有家教经验的社会人士、本科生或研究生；或无经验但是各科目非常自信有方法的。研究生、师范生优先。', '400元/天', '佛山市好师教育培训中心', '广东省佛山市三水区', '韩琪', '13698754263', '2021-03-10'),
(16, '家教', 20200004, '初高中课后辅导老师', '【工作内容】初高中学科补习\r\n【工作要求】对学生负责、相应学科能力过关、性格外向幽默。', '200元/天', '佛山市好师教育培训中心', '广东省佛山市三水区', '韩琪', '13698754263', '2021-03-18'),
(13, '厂工', 20200002, '小饰品打包整理', '【工作内容】小饰品的打包、分拣、质检等。周末兼职需要每天做满12小时。\r\n【工作要求】16-45岁，身体健康', '150元/天', '广州汇脉企业管理服务有限公司', '广东省珠海市横琴区', '王华', '13698754261', '2021-04-04'),
(14, '厂工', 20200002, '15天长白班坐班质检临时工', '【工作内容】手机线路板的制造，负品质检查、打包等。\r\n【工作要求】需要穿工作服。', '180元/天', '广州汇脉企业管理服务有限公司', '广东省广州市番禺区', '王华', '13698754261', '2021-04-03'),
(12, '服务员', 20200001, '西餐厅兼职服务员', '【工作内容】负责自助餐厅的服务工作，主要是接待客人、点餐、上菜等\r\n【工作要求】年满18岁以上，无犯罪记录', '20元/小时', '广州广信企业管理有限公司', '广东省广州市天河区', '李明', '13698754269', '2021-02-25'),
(10, '文案编辑', 20200005, '潮流类公众号文案编辑', '【工作内容】负责runningPanda公众号推文的编辑、审稿、推送。\r\n【工作要求】喜欢穿搭、有关注国潮品牌。能够独自选题，寻找素材。有相关经验者优先。', '150元/次', '广州市凯创信息技术公司', '广东省珠海市横琴区', '焦福雯', '13698754264', '2021-03-28'),
(11, '服务员', 20200001, '自助餐厅服务员', '【工作内容】负责自助餐厅的服务工作，主要是接待客人、点餐、上菜等\r\n【工作要求】年满18岁以上，无犯罪记录。', '16元/小时', '广州广信企业管理有限公司', '广东省广州市天河区', '李明', '13698754269', '2021-02-23'),
(6, '翻译', 20200006, '西班牙语音频转录', '【工作内容】对一些视频进行翻译，原为为西班牙语，译文是中文。操作界面：excel。\r\n【工作要求】必须中文母语者。必须具备3-5年翻译经验，有marketing翻译经验者优先。', '75元/小时', '奥鹏科技有限公司', '广东省广州市天河区', '周婵', '13698754265', '2021-04-01'),
(7, '翻译', 20200006, '俄语音频转录', '【工作内容】该项目是长期项目，根据客户规则对视频字幕进行机翻较译或者质检工作。\r\n【工作要求】对应语种专业毕业，专四证书及以上，英语六级优先。细致认真、沟通能力强，态度端正和工作积极。每天工作至少2-3小时以上。', '360元/天', '奥鹏科技有限公司', '广东省广州市荔湾区', '周婵', '13698754265', '2021-04-08'),
(9, '文案编辑', 20200005, '日结在线文案编辑', '【工作内容】根据公司提供的题目以及提纲相关主题照片，填写文案发给公司审核。一篇7-15元，一单一结。\r\n【工作要求】经常看小红书、微博、需要对生活有一定常识和了解相关的行业', '150元/天', '广州市凯创信息技术公司', '广东省广州市天河区', '焦福雯', '13698754264', '2021-02-23'),
(3, '会展活动', 20200009, '艺术展展务', '【工作内容】票务（10人）：负责美术馆入口验票、核票和现场售票工作。\r\n导览（3人）：负责二楼展区的展览导览，维持展区内的秩序。\r\n【工作要求】工作认真、细心、有责任感，学习能力强，大方得体，具备一定沟通能力。', '80元/天', '广州艺立文化科技有限公司', '广州市珠海区江南南大道', '菲菲', '13567890987', '2021-03-23'),
(4, '会展活动', 20200009, '琶洲会展特勤兼职', '【工作内容】6天琶洲轻松兼职特勤，满3天预支300元工资，其余结束现结负责会展馆内巡逻，出入登记、测温等。', '170元/天', '广州艺立文化科技有限公司', '广东省广州市珠江新城', '菲菲', '13567890987', '2021-03-30'),
(5, '会展活动', 20200009, '艾克书屋校园书展兼职', '【工作内容】服从主管安排，整理布置书展图书，管理书展活动现场秩序。\r\n【工作要求】18岁以上，性别不限，英语熟练者优先考虑', '21元/小时', '广州艺立文化科技有限公司', '广东省广州市番禺区', '菲菲', '13567890987', '2021-04-01'),
(2, '摄影剪辑', 20200007, '新媒体博主后期剪辑', '【工作内容】视频剪辑\r\n【工作要求】熟练使用剪辑软件、有审美', '40-80元/条', '深圳柯翼贸易有限公司', '广东省深圳市', '杨璐倩', '13698754266', '2021-03-31'),
(1, '电商', 20200007, '短期兼职淘宝店长助理', '【工作内容】帮助店长模特拍摄淘宝图片+后期修图\r\n【工作要求】你需要懂手机拍摄构图、审美好、擅长使用ps等工具修图', '120元/天', '深圳柯翼贸易有限公司', '广东省深圳市', '杨璐倩', '13698754266', '2021-04-01');

-- --------------------------------------------------------

--
-- 表的结构 `manager`
--

CREATE TABLE IF NOT EXISTS `manager` (
  `enter_id` int(11) NOT NULL AUTO_INCREMENT COMMENT '自增主键',
  `enter_name` varchar(20) NOT NULL COMMENT '用户名',
  `password` varchar(255) NOT NULL COMMENT '密码',
  `enterprise` varchar(40) NOT NULL COMMENT '公司名称',
  `business_license` varchar(40) NOT NULL COMMENT '营业执照',
  `mobile` varchar(11) DEFAULT NULL COMMENT '手机号',
  `emile` varchar(40) DEFAULT NULL COMMENT '电子邮箱地址',
  PRIMARY KEY (`enter_id`)
) ENGINE=MyISAM  DEFAULT CHARSET=utf8 AUTO_INCREMENT=20200018 ;

--
-- 转存表中的数据 `manager`
--

INSERT INTO `manager` (`enter_id`, `enter_name`, `password`, `enterprise`, `business_license`, `mobile`, `emile`) VALUES
(20200001, '李明', 'bc6a4e700fca7eb9615d8fa1e111ffdf', '广州广信企业管理有限公司', '510XXXXXXXXXXX', '13698754269', 'liming@qq.com'),
(20200002, '王华', 'e4054f1a9eace11c8592810ef3687088', '广州汇脉企业管理服务有限公司', '510351766XXXXX', '13698754261', 'wanghua@qq.com'),
(20200003, '张欢', 'b3d946ffa763ec7ff1b6b5c97b2b6c77', '广州市思众学社', '410351766XXXXX', '13698754262', 'zhanghuan@qq.com'),
(20200004, '韩琪', 'ce8fd28932e0aa7cdccec7ff38f0f7b7', '佛山市好师教育培训中心', '330351766XXXXX', '13698754263', 'hanqi@qq.com'),
(20200005, '焦福雯', '4a44c4d94e1a9de6bb639d803b1eb7a2', '广州市凯创信息技术公司', '660351766XXXXX', '13698754264', 'jiaofuwen@qq.com'),
(20200006, '周婵', '8e51c8e8ca1e589674d1994a520c2778', '奥鹏科技有限公司', '66035176622222', '13698754265', 'zhouchan@qq.com'),
(20200007, '杨璐倩', '9c79fe2fab9663228a1b5d57a0f29a50', '深圳柯翼贸易有限公司', '66035175964XXX', '13698754266', 'yangluqian@qq.com'),
(20200008, '李梦琪', 'c561c818324053e7a778246756972046', '广东星创科技有限公司', '660366766XXXXX', '13698754268', 'limengqi@qq.com'),
(20200009, '菲菲', 'e10adc3949ba59abbe56e057f20f883e', '广州艺立文化科技有限公司', '660351766777XX', '13567890987', 'feifei@qq.com'),
(20200017, '', 'd41d8cd98f00b204e9800998ecf8427e', '', '', '', ''),
(20200016, 'seven', 'e10adc3949ba59abbe56e057f20f883e', '广东思文科技有限公司', '76035176615623', '15622768400', 'seven@qq.com');

-- --------------------------------------------------------

--
-- 表的结构 `resume`
--

CREATE TABLE IF NOT EXISTS `resume` (
  `res_id` int(11) NOT NULL AUTO_INCREMENT COMMENT '简历id',
  `uid` int(11) NOT NULL,
  `name` varchar(30) DEFAULT NULL COMMENT '姓名',
  `sex` tinyint(2) DEFAULT NULL COMMENT '性别',
  `date` date DEFAULT NULL COMMENT '出生日期',
  `tel` int(11) DEFAULT NULL COMMENT '电话',
  `email` varchar(255) DEFAULT NULL COMMENT '电子邮件',
  `city` varchar(255) DEFAULT NULL COMMENT '城市',
  `license` varchar(255) DEFAULT NULL COMMENT '证书',
  `education` varchar(255) DEFAULT NULL COMMENT '教育经历',
  `outschool` varchar(255) DEFAULT NULL COMMENT '校外实践',
  `inschool` varchar(255) DEFAULT NULL COMMENT '校内实践',
  `myself` varchar(255) DEFAULT NULL COMMENT '自我评价',
  PRIMARY KEY (`res_id`)
) ENGINE=MyISAM  DEFAULT CHARSET=utf8 COMMENT='微简历表' AUTO_INCREMENT=9 ;

--
-- 转存表中的数据 `resume`
--

INSERT INTO `resume` (`res_id`, `uid`, `name`, `sex`, `date`, `tel`, `email`, `city`, `license`, `education`, `outschool`, `inschool`, `myself`) VALUES
(1, 2, '周新', 0, '2002-03-18', 138000000, '138000000@163.com', '广州', '英语四级', '本科', '英语家教辅导', '辅导员助理', '细心、诚恳'),
(2, 14, '陈潇潇', 1, '1999-08-18', 138000000, '138000000@163.com', '广州', '计算机二级证书', '专科 ', '餐厅服务员', '无 ', '热情、人缘好、努力向上'),
(3, 6, '周琼', 0, '1996-11-15', 2147483647, '18340498@qq.com', '佛山', '无', '专科', '无', '自愿者活动负责人', '自信'),
(4, 8, '徐莉莉', 1, '1998-02-22', 2147483647, '18340498@qq.com', '中山', '大学本科毕业证', '本科', '数学家教、会展工作人员', '校园志愿者', '人际交往能力好'),
(5, 1, '张三', 0, '1999-10-10', 2147483647, '18340498@qq.com', '珠海', '软考中级证书', '研究生', '软件开发岗位三年工作经验', '跟导师做项目', '工作认真负责、知识面广'),
(6, 11, '周晓晓', 1, '2000-11-30', 2147483647, '18340498@qq.com', '深圳', '雅思、CET-6', '本科', '英语培训机构教师', '部门部长、团支书', '热爱教育行业、有独特的教学方法'),
(7, 11, '周晓晓', 1, '2000-11-30', 2147483647, '18340498@qq.com', '深圳', '雅思、CET-6', '本科', '英语培训机构教师', '部门部长、团支书', '热爱教育行业、有独特的教学方法'),
(8, 0, '', 0, '0000-00-00', 0, '', '', '', '', '', '', '');

-- --------------------------------------------------------

--
-- 表的结构 `user`
--

CREATE TABLE IF NOT EXISTS `user` (
  `uid` int(11) NOT NULL AUTO_INCREMENT COMMENT 'id',
  `username` varchar(20) NOT NULL COMMENT '用户名',
  `password` varchar(255) NOT NULL COMMENT '密码',
  `realname` varchar(40) NOT NULL COMMENT '真实姓名',
  `cardID` varchar(255) NOT NULL COMMENT '身份证号码',
  `mobile` varchar(11) DEFAULT NULL COMMENT '手机号',
  `email` varchar(40) DEFAULT NULL COMMENT '电子邮箱地址',
  `address` varchar(255) NOT NULL COMMENT '居住地址',
  `intention` varchar(255) DEFAULT NULL COMMENT '意向兼职',
  PRIMARY KEY (`uid`)
) ENGINE=MyISAM  DEFAULT CHARSET=utf8 AUTO_INCREMENT=39 ;

--
-- 转存表中的数据 `user`
--

INSERT INTO `user` (`uid`, `username`, `password`, `realname`, `cardID`, `mobile`, `email`, `address`, `intention`) VALUES
(1, '张三', '01d7f40760960e7bd9443513f22ab9af', '张三', '440783199803010201', '15688975231', '1234561@qq.com', '', NULL),
(2, '周新', 'f918ffe429094c6617ff06c1796f3e79', '周新', '440783199803010202', '15688975232', '1234562@qq.com', '', NULL),
(3, '王文娟', '144ea472dc6b10d1c43bcc9b3a0752aa', '王文娟', '440783199803010203', '15688975233', '1234563@qq.com', '', NULL),
(4, '孙山', 'f8274d6eab692c90d27107eb7ad7c66f', '孙山', '440783199803010204', '15688975234', '1234564@qq.com', '', NULL),
(5, '苏珊', 'ac575e3eecf0fa410518c2d3a2e7209f', '苏珊', '440783199803010205', '15688975235', '1234565@qq.com', '', NULL),
(6, '周琼', 'c732ba7143c69942a49cbff5b5710b92', '周琼', '440783199803010206', '15688975236', '1234566@qq.com', '', NULL),
(7, '谢里斯', 'f0171f7bd1f005655c1eeaa6032ea799', '谢里斯', '440783199803010207', '15688975237', '1234567@qq.com', '', NULL),
(8, '徐莉莉', '3c1aba571286918f60750cf7be687ce6', '徐莉莉', '440783199803010208', '15688975238', '1234568@qq.com', '', NULL),
(9, '余晓连', '0b3f03d4fc160453a1644bc6be26fc00', '余晓连', '440783199803010209', '15688975239', '1234569@qq.com', '', NULL),
(10, '王泉生', '67d0d4faa2e441f866fa4ce004f199d4', '王泉生', '440783199803010210', '15688975210', '1234570@qq.com', '', NULL),
(11, '周晓晓', 'c16da522a7e78bc6e2f6f0309fed4a7d', '周晓晓', '440783199803010211', '15688975211', '12345711@qq.com', '', NULL),
(12, '刘喜喜', '1f84089103df47d496a6b9eaff35cd72', '刘喜喜', '440783199803010212', '15688975212', '12345712@qq.com', '', NULL),
(13, '韩冬冬', '1130ce37f630b0c3f6d5682c75b35ecf', '韩冬冬', '440783199803010213', '15688975213', '12345713@qq.com', '', ''),
(14, '陈潇潇', '4dbd00980b98362e45479e890ccc14da', '陈潇潇', '440783199803010214', '15688975214', '12345714@qq.com', '', ''),
(38, 'katrina', 'e10adc3949ba59abbe56e057f20f883e', '潘潘', '440783199803072121', '', '', '', '');

/*!40101 SET CHARACTER_SET_CLIENT=@OLD_CHARACTER_SET_CLIENT */;
/*!40101 SET CHARACTER_SET_RESULTS=@OLD_CHARACTER_SET_RESULTS */;
/*!40101 SET COLLATION_CONNECTION=@OLD_COLLATION_CONNECTION */;
